Granule UR,Producer Granule ID,Start Time,End Time,Online Access URLs,Browse URLs,Cloud Cover,Day/Night,Size
S6A_P4_2__LR_RED__NR_025_001_20210713T162644_20210713T182234_F02,,2021-07-13T16:26:44.514Z,2021-07-13T18:22:34.471Z,"https://archive.podaac.earthdata.nasa.gov/podaac-ops-cumulus-protected/JASON_CS_S6A_L2_ALT_LR_RED_OST_NRT_F/S6A_P4_2__LR_RED__NR_025_001_20210713T162644_20210713T182234_F02.nc,https://archive.podaac.earthdata.nasa.gov/podaac-ops-cumulus-protected/JASON_CS_S6A_L2_ALT_LR_RED_OST_NRT_F/S6A_P4_2__LR_RED__NR_025_001_20210713T162644_20210713T182234_F02.bufr.bin",,,UNSPECIFIED,0.3058042526245117
S6A_P4_2__LR_RED__NR_025_003_20210713T182234_20210713T201839_F02,,2021-07-13T18:22:34.522Z,2021-07-13T20:18:39.482Z,"https://archive.podaac.earthdata.nasa.gov/podaac-ops-cumulus-protected/JASON_CS_S6A_L2_ALT_LR_RED_OST_NRT_F/S6A_P4_2__LR_RED__NR_025_003_20210713T182234_20210713T201839_F02.nc,https://archive.podaac.earthdata.nasa.gov/podaac-ops-cumulus-protected/JASON_CS_S6A_L2_ALT_LR_RED_OST_NRT_F/S6A_P4_2__LR_RED__NR_025_003_20210713T182234_20210713T201839_F02.bufr.bin",,,UNSPECIFIED,0.307220458984375
S6A_P4_2__LR_RED__NR_025_006_20210713T201839_20210713T215450_F02,,2021-07-13T20:18:39.532Z,2021-07-13T21:54:50.473Z,"https://archive.podaac.earthdata.nasa.gov/podaac-ops-cumulus-protected/JASON_CS_S6A_L2_ALT_LR_RED_OST_NRT_F/S6A_P4_2__LR_RED__NR_025_006_20210713T201839_20210713T215450_F02.nc,https://archive.podaac.earthdata.nasa.gov/podaac-ops-cumulus-protected/JASON_CS_S6A_L2_ALT_LR_RED_OST_NRT_F/S6A_P4_2__LR_RED__NR_025_006_20210713T201839_20210713T215450_F02.bufr.bin",,,UNSPECIFIED,0.30895233154296875
S6A_P4_2__LR_RED__NR_025_007_20210713T215450_20210713T234732_F02,,2021-07-13T21:54:50.523Z,2021-07-13T23:47:32.482Z,"https://archive.podaac.earthdata.nasa.gov/podaac-ops-cumulus-protected/JASON_CS_S6A_L2_ALT_LR_RED_OST_NRT_F/S6A_P4_2__LR_RED__NR_025_007_20210713T215450_20210713T234732_F02.nc,https://archive.podaac.earthdata.nasa.gov/podaac-ops-cumulus-protected/JASON_CS_S6A_L2_ALT_LR_RED_OST_NRT_F/S6A_P4_2__LR_RED__NR_025_007_20210713T215450_20210713T234732_F02.bufr.bin",,,UNSPECIFIED,5.1254682540893555
S6A_P4_2__LR_RED__NR_025_009_20210713T234732_20210714T014224_F02,,2021-07-13T23:47:32.533Z,2021-07-14T01:42:24.454Z,"https://archive.podaac.earthdata.nasa.gov/podaac-ops-cumulus-protected/JASON_CS_S6A_L2_ALT_LR_RED_OST_NRT_F/S6A_P4_2__LR_RED__NR_025_009_20210713T234732_20210714T014224_F02.nc,https://archive.podaac.earthdata.nasa.gov/podaac-ops-cumulus-protected/JASON_CS_S6A_L2_ALT_LR_RED_OST_NRT_F/S6A_P4_2__LR_RED__NR_025_009_20210713T234732_20210714T014224_F02.bufr.bin",,,UNSPECIFIED,0.30957794189453125
S6A_P4_2__LR_RED__NR_025_011_20210714T014224_20210714T033812_F02,,2021-07-14T01:42:24.505Z,2021-07-14T03:38:12.465Z,"https://archive.podaac.earthdata.nasa.gov/podaac-ops-cumulus-protected/JASON_CS_S6A_L2_ALT_LR_RED_OST_NRT_F/S6A_P4_2__LR_RED__NR_025_011_20210714T014224_20210714T033812_F02.nc,https://archive.podaac.earthdata.nasa.gov/podaac-ops-cumulus-protected/JASON_CS_S6A_L2_ALT_LR_RED_OST_NRT_F/S6A_P4_2__LR_RED__NR_025_011_20210714T014224_20210714T033812_F02.bufr.bin",,,UNSPECIFIED,0.3099346160888672
S6A_P4_2__LR_RED__NR_025_013_20210714T033812_20210714T053356_F02,,2021-07-14T03:38:12.516Z,2021-07-14T05:33:56.494Z,"https://archive.podaac.earthdata.nasa.gov/podaac-ops-cumulus-protected/JASON_CS_S6A_L2_ALT_LR_RED_OST_NRT_F/S6A_P4_2__LR_RED__NR_025_013_20210714T033812_20210714T053356_F02.nc,https://archive.podaac.earthdata.nasa.gov/podaac-ops-cumulus-protected/JASON_CS_S6A_L2_ALT_LR_RED_OST_NRT_F/S6A_P4_2__LR_RED__NR_025_013_20210714T033812_20210714T053356_F02.bufr.bin",,,UNSPECIFIED,2.702134132385254
S6A_P4_2__LR_RED__NR_025_015_20210714T053357_20210714T072934_F02,,2021-07-14T05:33:57.506Z,2021-07-14T07:29:34.459Z,"https://archive.podaac.earthdata.nasa.gov/podaac-ops-cumulus-protected/JASON_CS_S6A_L2_ALT_LR_RED_OST_NRT_F/S6A_P4_2__LR_RED__NR_025_015_20210714T053357_20210714T072934_F02.nc,https://archive.podaac.earthdata.nasa.gov/podaac-ops-cumulus-protected/JASON_CS_S6A_L2_ALT_LR_RED_OST_NRT_F/S6A_P4_2__LR_RED__NR_025_015_20210714T053357_20210714T072934_F02.bufr.bin",,,UNSPECIFIED,0.30794334411621094
S6A_P4_2__LR_RED__NR_025_017_20210714T072934_20210714T090919_F02,,2021-07-14T07:29:34.509Z,2021-07-14T09:09:19.458Z,"https://archive.podaac.earthdata.nasa.gov/podaac-ops-cumulus-protected/JASON_CS_S6A_L2_ALT_LR_RED_OST_NRT_F/S6A_P4_2__LR_RED__NR_025_017_20210714T072934_20210714T090919_F02.nc,https://archive.podaac.earthdata.nasa.gov/podaac-ops-cumulus-protected/JASON_CS_S6A_L2_ALT_LR_RED_OST_NRT_F/S6A_P4_2__LR_RED__NR_025_017_20210714T072934_20210714T090919_F02.bufr.bin",,,UNSPECIFIED,2.3765649795532227
S6A_P4_2__LR_RED__NR_025_019_20210714T090919_20210714T110146_F02,,2021-07-14T09:09:19.509Z,2021-07-14T11:01:46.456Z,"https://archive.podaac.earthdata.nasa.gov/podaac-ops-cumulus-protected/JASON_CS_S6A_L2_ALT_LR_RED_OST_NRT_F/S6A_P4_2__LR_RED__NR_025_019_20210714T090919_20210714T110146_F02.nc,https://archive.podaac.earthdata.nasa.gov/podaac-ops-cumulus-protected/JASON_CS_S6A_L2_ALT_LR_RED_OST_NRT_F/S6A_P4_2__LR_RED__NR_025_019_20210714T090919_20210714T110146_F02.bufr.bin",,,UNSPECIFIED,0.3079414367675781
S6A_P4_2__LR_RED__NR_025_021_20210714T110146_20210714T125702_F02,,2021-07-14T11:01:46.506Z,2021-07-14T12:57:02.479Z,"https://archive.podaac.earthdata.nasa.gov/podaac-ops-cumulus-protected/JASON_CS_S6A_L2_ALT_LR_RED_OST_NRT_F/S6A_P4_2__LR_RED__NR_025_021_20210714T110146_20210714T125702_F02.nc,https://archive.podaac.earthdata.nasa.gov/podaac-ops-cumulus-protected/JASON_CS_S6A_L2_ALT_LR_RED_OST_NRT_F/S6A_P4_2__LR_RED__NR_025_021_20210714T110146_20210714T125702_F02.bufr.bin",,,UNSPECIFIED,5.427131652832031
S6A_P4_2__LR_RED__NR_025_023_20210714T125702_20210714T145316_F02,,2021-07-14T12:57:02.529Z,2021-07-14T14:53:16.458Z,"https://archive.podaac.earthdata.nasa.gov/podaac-ops-cumulus-protected/JASON_CS_S6A_L2_ALT_LR_RED_OST_NRT_F/S6A_P4_2__LR_RED__NR_025_023_20210714T125702_20210714T145316_F02.nc,https://archive.podaac.earthdata.nasa.gov/podaac-ops-cumulus-protected/JASON_CS_S6A_L2_ALT_LR_RED_OST_NRT_F/S6A_P4_2__LR_RED__NR_025_023_20210714T125702_20210714T145316_F02.bufr.bin",,,UNSPECIFIED,2.712338447570801
S6A_P4_2__LR_RED__NR_025_025_20210714T145317_20210714T164922_F02,,2021-07-14T14:53:17.519Z,2021-07-14T16:49:22.484Z,"https://archive.podaac.earthdata.nasa.gov/podaac-ops-cumulus-protected/JASON_CS_S6A_L2_ALT_LR_RED_OST_NRT_F/S6A_P4_2__LR_RED__NR_025_025_20210714T145317_20210714T164922_F02.nc,https://archive.podaac.earthdata.nasa.gov/podaac-ops-cumulus-protected/JASON_CS_S6A_L2_ALT_LR_RED_OST_NRT_F/S6A_P4_2__LR_RED__NR_025_025_20210714T145317_20210714T164922_F02.bufr.bin",,,UNSPECIFIED,5.296957969665527
S6A_P4_2__LR_RED__NR_025_027_20210714T164922_20210714T184510_F02,,2021-07-14T16:49:22.534Z,2021-07-14T18:45:10.480Z,"https://archive.podaac.earthdata.nasa.gov/podaac-ops-cumulus-protected/JASON_CS_S6A_L2_ALT_LR_RED_OST_NRT_F/S6A_P4_2__LR_RED__NR_025_027_20210714T164922_20210714T184510_F02.nc,https://archive.podaac.earthdata.nasa.gov/podaac-ops-cumulus-protected/JASON_CS_S6A_L2_ALT_LR_RED_OST_NRT_F/S6A_P4_2__LR_RED__NR_025_027_20210714T164922_20210714T184510_F02.bufr.bin",,,UNSPECIFIED,2.7035112380981445
S6A_P4_2__LR_RED__NR_025_029_20210714T184510_20210714T204143_F02,,2021-07-14T18:45:10.530Z,2021-07-14T20:41:43.457Z,"https://archive.podaac.earthdata.nasa.gov/podaac-ops-cumulus-protected/JASON_CS_S6A_L2_ALT_LR_RED_OST_NRT_F/S6A_P4_2__LR_RED__NR_025_029_20210714T184510_20210714T204143_F02.nc,https://archive.podaac.earthdata.nasa.gov/podaac-ops-cumulus-protected/JASON_CS_S6A_L2_ALT_LR_RED_OST_NRT_F/S6A_P4_2__LR_RED__NR_025_029_20210714T184510_20210714T204143_F02.bufr.bin",,,UNSPECIFIED,2.672276496887207
S6A_P4_2__LR_RED__NR_025_032_20210714T204143_20210714T221611_F02,,2021-07-14T20:41:43.507Z,2021-07-14T22:16:11.471Z,"https://archive.podaac.earthdata.nasa.gov/podaac-ops-cumulus-protected/JASON_CS_S6A_L2_ALT_LR_RED_OST_NRT_F/S6A_P4_2__LR_RED__NR_025_032_20210714T204143_20210714T221611_F02.nc,https://archive.podaac.earthdata.nasa.gov/podaac-ops-cumulus-protected/JASON_CS_S6A_L2_ALT_LR_RED_OST_NRT_F/S6A_P4_2__LR_RED__NR_025_032_20210714T204143_20210714T221611_F02.bufr.bin",,,UNSPECIFIED,0.31229496002197266
S6A_P4_2__LR_RED__NR_025_033_20210714T221611_20210715T000941_F02,,2021-07-14T22:16:11.521Z,2021-07-15T00:09:41.471Z,"https://archive.podaac.earthdata.nasa.gov/podaac-ops-cumulus-protected/JASON_CS_S6A_L2_ALT_LR_RED_OST_NRT_F/S6A_P4_2__LR_RED__NR_025_033_20210714T221611_20210715T000941_F02.nc,https://archive.podaac.earthdata.nasa.gov/podaac-ops-cumulus-protected/JASON_CS_S6A_L2_ALT_LR_RED_OST_NRT_F/S6A_P4_2__LR_RED__NR_025_033_20210714T221611_20210715T000941_F02.bufr.bin",,,UNSPECIFIED,0.3118438720703125
S6A_P4_2__LR_RED__NR_025_035_20210715T000941_20210715T020456_F02,,2021-07-15T00:09:41.521Z,2021-07-15T02:04:56.462Z,"https://archive.podaac.earthdata.nasa.gov/podaac-ops-cumulus-protected/JASON_CS_S6A_L2_ALT_LR_RED_OST_NRT_F/S6A_P4_2__LR_RED__NR_025_035_20210715T000941_20210715T020456_F02.nc,https://archive.podaac.earthdata.nasa.gov/podaac-ops-cumulus-protected/JASON_CS_S6A_L2_ALT_LR_RED_OST_NRT_F/S6A_P4_2__LR_RED__NR_025_035_20210715T000941_20210715T020456_F02.bufr.bin",,,UNSPECIFIED,0.31066131591796875
S6A_P4_2__LR_RED__NR_025_037_20210715T020456_20210715T040047_F02,,2021-07-15T02:04:56.513Z,2021-07-15T04:00:47.480Z,"https://archive.podaac.earthdata.nasa.gov/podaac-ops-cumulus-protected/JASON_CS_S6A_L2_ALT_LR_RED_OST_NRT_F/S6A_P4_2__LR_RED__NR_025_037_20210715T020456_20210715T040047_F02.nc,https://archive.podaac.earthdata.nasa.gov/podaac-ops-cumulus-protected/JASON_CS_S6A_L2_ALT_LR_RED_OST_NRT_F/S6A_P4_2__LR_RED__NR_025_037_20210715T020456_20210715T040047_F02.bufr.bin",,,UNSPECIFIED,5.452398300170898
S6A_P4_2__LR_RED__NR_025_039_20210715T040047_20210715T055630_F02,,2021-07-15T04:00:47.531Z,2021-07-15T05:56:30.478Z,"https://archive.podaac.earthdata.nasa.gov/podaac-ops-cumulus-protected/JASON_CS_S6A_L2_ALT_LR_RED_OST_NRT_F/S6A_P4_2__LR_RED__NR_025_039_20210715T040047_20210715T055630_F02.nc,https://archive.podaac.earthdata.nasa.gov/podaac-ops-cumulus-protected/JASON_CS_S6A_L2_ALT_LR_RED_OST_NRT_F/S6A_P4_2__LR_RED__NR_025_039_20210715T040047_20210715T055630_F02.bufr.bin",,,UNSPECIFIED,2.7017946243286133
S6A_P4_2__LR_RED__NR_025_041_20210715T055630_20210715T075208_F02,,2021-07-15T05:56:30.529Z,2021-07-15T07:52:08.466Z,"https://archive.podaac.earthdata.nasa.gov/podaac-ops-cumulus-protected/JASON_CS_S6A_L2_ALT_LR_RED_OST_NRT_F/S6A_P4_2__LR_RED__NR_025_041_20210715T055630_20210715T075208_F02.nc,https://archive.podaac.earthdata.nasa.gov/podaac-ops-cumulus-protected/JASON_CS_S6A_L2_ALT_LR_RED_OST_NRT_F/S6A_P4_2__LR_RED__NR_025_041_20210715T055630_20210715T075208_F02.bufr.bin",,,UNSPECIFIED,0.3104267120361328
S6A_P4_2__LR_RED__NR_025_043_20210715T075208_20210715T093037_F02,,2021-07-15T07:52:08.516Z,2021-07-15T09:30:37.452Z,"https://archive.podaac.earthdata.nasa.gov/podaac-ops-cumulus-protected/JASON_CS_S6A_L2_ALT_LR_RED_OST_NRT_F/S6A_P4_2__LR_RED__NR_025_043_20210715T075208_20210715T093037_F02.nc,https://archive.podaac.earthdata.nasa.gov/podaac-ops-cumulus-protected/JASON_CS_S6A_L2_ALT_LR_RED_OST_NRT_F/S6A_P4_2__LR_RED__NR_025_043_20210715T075208_20210715T093037_F02.bufr.bin",,,UNSPECIFIED,4.605367660522461
S6A_P4_2__LR_RED__NR_025_045_20210715T093037_20210715T112356_F02,,2021-07-15T09:30:37.503Z,2021-07-15T11:23:56.462Z,"https://archive.podaac.earthdata.nasa.gov/podaac-ops-cumulus-protected/JASON_CS_S6A_L2_ALT_LR_RED_OST_NRT_F/S6A_P4_2__LR_RED__NR_025_045_20210715T093037_20210715T112356_F02.nc,https://archive.podaac.earthdata.nasa.gov/podaac-ops-cumulus-protected/JASON_CS_S6A_L2_ALT_LR_RED_OST_NRT_F/S6A_P4_2__LR_RED__NR_025_045_20210715T093037_20210715T112356_F02.bufr.bin",,,UNSPECIFIED,5.390982627868652
S6A_P4_2__LR_RED__NR_025_047_20210715T112356_20210715T131944_F02,,2021-07-15T11:23:56.513Z,2021-07-15T13:19:44.491Z,"https://archive.podaac.earthdata.nasa.gov/podaac-ops-cumulus-protected/JASON_CS_S6A_L2_ALT_LR_RED_OST_NRT_F/S6A_P4_2__LR_RED__NR_025_047_20210715T112356_20210715T131944_F02.nc,https://archive.podaac.earthdata.nasa.gov/podaac-ops-cumulus-protected/JASON_CS_S6A_L2_ALT_LR_RED_OST_NRT_F/S6A_P4_2__LR_RED__NR_025_047_20210715T112356_20210715T131944_F02.bufr.bin",,,UNSPECIFIED,2.658696174621582
S6A_P4_2__LR_RED__NR_025_049_20210715T131944_20210715T151600_F02,,2021-07-15T13:19:44.542Z,2021-07-15T15:16:00.498Z,"https://archive.podaac.earthdata.nasa.gov/podaac-ops-cumulus-protected/JASON_CS_S6A_L2_ALT_LR_RED_OST_NRT_F/S6A_P4_2__LR_RED__NR_025_049_20210715T131944_20210715T151600_F02.nc,https://archive.podaac.earthdata.nasa.gov/podaac-ops-cumulus-protected/JASON_CS_S6A_L2_ALT_LR_RED_OST_NRT_F/S6A_P4_2__LR_RED__NR_025_049_20210715T131944_20210715T151600_F02.bufr.bin",,,UNSPECIFIED,0.31210899353027344
S6A_P4_2__LR_RED__NR_025_051_20210715T151602_20210715T165851_F02,,2021-07-15T15:16:02.520Z,2021-07-15T16:58:51.929Z,"https://archive.podaac.earthdata.nasa.gov/podaac-ops-cumulus-protected/JASON_CS_S6A_L2_ALT_LR_RED_OST_NRT_F/S6A_P4_2__LR_RED__NR_025_051_20210715T151602_20210715T165851_F02.nc,https://archive.podaac.earthdata.nasa.gov/podaac-ops-cumulus-protected/JASON_CS_S6A_L2_ALT_LR_RED_OST_NRT_F/S6A_P4_2__LR_RED__NR_025_051_20210715T151602_20210715T165851_F02.bufr.bin",,,UNSPECIFIED,0.18611621856689453
S6A_P4_2__LR_RED__NR_025_053_20210715T171228_20210715T190748_F02,,2021-07-15T17:12:28.589Z,2021-07-15T19:07:48.382Z,"https://archive.podaac.earthdata.nasa.gov/podaac-ops-cumulus-protected/JASON_CS_S6A_L2_ALT_LR_RED_OST_NRT_F/S6A_P4_2__LR_RED__NR_025_053_20210715T171228_20210715T190748_F02.nc,https://archive.podaac.earthdata.nasa.gov/podaac-ops-cumulus-protected/JASON_CS_S6A_L2_ALT_LR_RED_OST_NRT_F/S6A_P4_2__LR_RED__NR_025_053_20210715T171228_20210715T190748_F02.bufr.bin",,,UNSPECIFIED,5.3881378173828125
S6A_P4_2__LR_RED__NR_025_056_20210715T190748_20210715T204627_F02,,2021-07-15T19:07:48.534Z,2021-07-15T20:46:27.469Z,"https://archive.podaac.earthdata.nasa.gov/podaac-ops-cumulus-protected/JASON_CS_S6A_L2_ALT_LR_RED_OST_NRT_F/S6A_P4_2__LR_RED__NR_025_056_20210715T190748_20210715T204627_F02.nc,https://archive.podaac.earthdata.nasa.gov/podaac-ops-cumulus-protected/JASON_CS_S6A_L2_ALT_LR_RED_OST_NRT_F/S6A_P4_2__LR_RED__NR_025_056_20210715T190748_20210715T204627_F02.bufr.bin",,,UNSPECIFIED,2.3541383743286133
S6A_P4_2__LR_RED__NR_025_057_20210715T204627_20210715T223758_F02,,2021-07-15T20:46:27.519Z,2021-07-15T22:37:58.457Z,"https://archive.podaac.earthdata.nasa.gov/podaac-ops-cumulus-protected/JASON_CS_S6A_L2_ALT_LR_RED_OST_NRT_F/S6A_P4_2__LR_RED__NR_025_057_20210715T204627_20210715T223758_F02.nc,https://archive.podaac.earthdata.nasa.gov/podaac-ops-cumulus-protected/JASON_CS_S6A_L2_ALT_LR_RED_OST_NRT_F/S6A_P4_2__LR_RED__NR_025_057_20210715T204627_20210715T223758_F02.bufr.bin",,,UNSPECIFIED,0.3118429183959961
S6A_P4_2__LR_RED__NR_025_059_20210715T223758_20210716T003159_F02,,2021-07-15T22:37:58.507Z,2021-07-16T00:31:59.498Z,"https://archive.podaac.earthdata.nasa.gov/podaac-ops-cumulus-protected/JASON_CS_S6A_L2_ALT_LR_RED_OST_NRT_F/S6A_P4_2__LR_RED__NR_025_059_20210715T223758_20210716T003159_F02.nc,https://archive.podaac.earthdata.nasa.gov/podaac-ops-cumulus-protected/JASON_CS_S6A_L2_ALT_LR_RED_OST_NRT_F/S6A_P4_2__LR_RED__NR_025_059_20210715T223758_20210716T003159_F02.bufr.bin",,,UNSPECIFIED,5.301955223083496
S6A_P4_2__LR_RED__NR_025_061_20210716T003159_20210716T022732_F02,,2021-07-16T00:31:59.549Z,2021-07-16T02:27:32.490Z,"https://archive.podaac.earthdata.nasa.gov/podaac-ops-cumulus-protected/JASON_CS_S6A_L2_ALT_LR_RED_OST_NRT_F/S6A_P4_2__LR_RED__NR_025_061_20210716T003159_20210716T022732_F02.nc,https://archive.podaac.earthdata.nasa.gov/podaac-ops-cumulus-protected/JASON_CS_S6A_L2_ALT_LR_RED_OST_NRT_F/S6A_P4_2__LR_RED__NR_025_061_20210716T003159_20210716T022732_F02.bufr.bin",,,UNSPECIFIED,0.31142425537109375
S6A_P4_2__LR_RED__NR_025_063_20210716T022732_20210716T042333_F02,,2021-07-16T02:27:32.541Z,2021-07-16T04:23:33.480Z,"https://archive.podaac.earthdata.nasa.gov/podaac-ops-cumulus-protected/JASON_CS_S6A_L2_ALT_LR_RED_OST_NRT_F/S6A_P4_2__LR_RED__NR_025_063_20210716T022732_20210716T042333_F02.nc,https://archive.podaac.earthdata.nasa.gov/podaac-ops-cumulus-protected/JASON_CS_S6A_L2_ALT_LR_RED_OST_NRT_F/S6A_P4_2__LR_RED__NR_025_063_20210716T022732_20210716T042333_F02.bufr.bin",,,UNSPECIFIED,0.3142890930175781
S6A_P4_2__LR_RED__NR_025_065_20210716T042333_20210716T061901_F02,,2021-07-16T04:23:33.530Z,2021-07-16T06:19:01.475Z,"https://archive.podaac.earthdata.nasa.gov/podaac-ops-cumulus-protected/JASON_CS_S6A_L2_ALT_LR_RED_OST_NRT_F/S6A_P4_2__LR_RED__NR_025_065_20210716T042333_20210716T061901_F02.nc,https://archive.podaac.earthdata.nasa.gov/podaac-ops-cumulus-protected/JASON_CS_S6A_L2_ALT_LR_RED_OST_NRT_F/S6A_P4_2__LR_RED__NR_025_065_20210716T042333_20210716T061901_F02.bufr.bin",,,UNSPECIFIED,0.3129854202270508
S6A_P4_2__LR_RED__NR_025_067_20210716T061901_20210716T081446_F02,,2021-07-16T06:19:01.525Z,2021-07-16T08:14:46.465Z,"https://archive.podaac.earthdata.nasa.gov/podaac-ops-cumulus-protected/JASON_CS_S6A_L2_ALT_LR_RED_OST_NRT_F/S6A_P4_2__LR_RED__NR_025_067_20210716T061901_20210716T081446_F02.nc,https://archive.podaac.earthdata.nasa.gov/podaac-ops-cumulus-protected/JASON_CS_S6A_L2_ALT_LR_RED_OST_NRT_F/S6A_P4_2__LR_RED__NR_025_067_20210716T061901_20210716T081446_F02.bufr.bin",,,UNSPECIFIED,5.501830101013184
S6A_P4_2__LR_RED__NR_025_070_20210716T081446_20210716T095203_F02,,2021-07-16T08:14:46.516Z,2021-07-16T09:52:03.478Z,"https://archive.podaac.earthdata.nasa.gov/podaac-ops-cumulus-protected/JASON_CS_S6A_L2_ALT_LR_RED_OST_NRT_F/S6A_P4_2__LR_RED__NR_025_070_20210716T081446_20210716T095203_F02.nc,https://archive.podaac.earthdata.nasa.gov/podaac-ops-cumulus-protected/JASON_CS_S6A_L2_ALT_LR_RED_OST_NRT_F/S6A_P4_2__LR_RED__NR_025_070_20210716T081446_20210716T095203_F02.bufr.bin",,,UNSPECIFIED,2.305607795715332
S6A_P4_2__LR_RED__NR_025_071_20210716T095203_20210716T114624_F02,,2021-07-16T09:52:03.528Z,2021-07-16T11:46:24.467Z,"https://archive.podaac.earthdata.nasa.gov/podaac-ops-cumulus-protected/JASON_CS_S6A_L2_ALT_LR_RED_OST_NRT_F/S6A_P4_2__LR_RED__NR_025_071_20210716T095203_20210716T114624_F02.nc,https://archive.podaac.earthdata.nasa.gov/podaac-ops-cumulus-protected/JASON_CS_S6A_L2_ALT_LR_RED_OST_NRT_F/S6A_P4_2__LR_RED__NR_025_071_20210716T095203_20210716T114624_F02.bufr.bin",,,UNSPECIFIED,0.3123807907104492
S6A_P4_2__LR_RED__NR_025_073_20210716T114624_20210716T134228_F02,,2021-07-16T11:46:24.517Z,2021-07-16T13:42:28.458Z,"https://archive.podaac.earthdata.nasa.gov/podaac-ops-cumulus-protected/JASON_CS_S6A_L2_ALT_LR_RED_OST_NRT_F/S6A_P4_2__LR_RED__NR_025_073_20210716T114624_20210716T134228_F02.nc,https://archive.podaac.earthdata.nasa.gov/podaac-ops-cumulus-protected/JASON_CS_S6A_L2_ALT_LR_RED_OST_NRT_F/S6A_P4_2__LR_RED__NR_025_073_20210716T114624_20210716T134228_F02.bufr.bin",,,UNSPECIFIED,2.6644678115844727
S6A_P4_2__LR_RED__NR_025_075_20210716T134228_20210716T153841_F02,,2021-07-16T13:42:28.508Z,2021-07-16T15:38:41.484Z,"https://archive.podaac.earthdata.nasa.gov/podaac-ops-cumulus-protected/JASON_CS_S6A_L2_ALT_LR_RED_OST_NRT_F/S6A_P4_2__LR_RED__NR_025_075_20210716T134228_20210716T153841_F02.nc,https://archive.podaac.earthdata.nasa.gov/podaac-ops-cumulus-protected/JASON_CS_S6A_L2_ALT_LR_RED_OST_NRT_F/S6A_P4_2__LR_RED__NR_025_075_20210716T134228_20210716T153841_F02.bufr.bin",,,UNSPECIFIED,5.544111251831055
S6A_P4_2__LR_RED__NR_025_077_20210716T153841_20210716T173433_F02,,2021-07-16T15:38:41.535Z,2021-07-16T17:34:33.476Z,"https://archive.podaac.earthdata.nasa.gov/podaac-ops-cumulus-protected/JASON_CS_S6A_L2_ALT_LR_RED_OST_NRT_F/S6A_P4_2__LR_RED__NR_025_077_20210716T153841_20210716T173433_F02.nc,https://archive.podaac.earthdata.nasa.gov/podaac-ops-cumulus-protected/JASON_CS_S6A_L2_ALT_LR_RED_OST_NRT_F/S6A_P4_2__LR_RED__NR_025_077_20210716T153841_20210716T173433_F02.bufr.bin",,,UNSPECIFIED,0.31298065185546875
S6A_P4_2__LR_RED__NR_025_079_20210716T173433_20210716T193033_F02,,2021-07-16T17:34:33.526Z,2021-07-16T19:30:33.494Z,"https://archive.podaac.earthdata.nasa.gov/podaac-ops-cumulus-protected/JASON_CS_S6A_L2_ALT_LR_RED_OST_NRT_F/S6A_P4_2__LR_RED__NR_025_079_20210716T173433_20210716T193033_F02.nc,https://archive.podaac.earthdata.nasa.gov/podaac-ops-cumulus-protected/JASON_CS_S6A_L2_ALT_LR_RED_OST_NRT_F/S6A_P4_2__LR_RED__NR_025_079_20210716T173433_20210716T193033_F02.bufr.bin",,,UNSPECIFIED,5.428214073181152
S6A_P4_2__LR_RED__NR_025_082_20210716T193033_20210716T210718_F02,,2021-07-16T19:30:33.544Z,2021-07-16T21:07:18.453Z,"https://archive.podaac.earthdata.nasa.gov/podaac-ops-cumulus-protected/JASON_CS_S6A_L2_ALT_LR_RED_OST_NRT_F/S6A_P4_2__LR_RED__NR_025_082_20210716T193033_20210716T210718_F02.nc,https://archive.podaac.earthdata.nasa.gov/podaac-ops-cumulus-protected/JASON_CS_S6A_L2_ALT_LR_RED_OST_NRT_F/S6A_P4_2__LR_RED__NR_025_082_20210716T193033_20210716T210718_F02.bufr.bin",,,UNSPECIFIED,4.503833770751953
S6A_P4_2__LR_RED__NR_025_083_20210716T210718_20210716T225942_F02,,2021-07-16T21:07:18.503Z,2021-07-16T22:59:42.460Z,"https://archive.podaac.earthdata.nasa.gov/podaac-ops-cumulus-protected/JASON_CS_S6A_L2_ALT_LR_RED_OST_NRT_F/S6A_P4_2__LR_RED__NR_025_083_20210716T210718_20210716T225942_F02.nc,https://archive.podaac.earthdata.nasa.gov/podaac-ops-cumulus-protected/JASON_CS_S6A_L2_ALT_LR_RED_OST_NRT_F/S6A_P4_2__LR_RED__NR_025_083_20210716T210718_20210716T225942_F02.bufr.bin",,,UNSPECIFIED,5.1010589599609375
S6A_P4_2__LR_RED__NR_025_085_20210716T225942_20210717T005425_F02,,2021-07-16T22:59:42.510Z,2021-07-17T00:54:25.489Z,"https://archive.podaac.earthdata.nasa.gov/podaac-ops-cumulus-protected/JASON_CS_S6A_L2_ALT_LR_RED_OST_NRT_F/S6A_P4_2__LR_RED__NR_025_085_20210716T225942_20210717T005425_F02.nc,https://archive.podaac.earthdata.nasa.gov/podaac-ops-cumulus-protected/JASON_CS_S6A_L2_ALT_LR_RED_OST_NRT_F/S6A_P4_2__LR_RED__NR_025_085_20210716T225942_20210717T005425_F02.bufr.bin",,,UNSPECIFIED,2.6814165115356445
S6A_P4_2__LR_RED__NR_025_087_20210717T005425_20210717T025012_F02,,2021-07-17T00:54:25.540Z,2021-07-17T02:50:12.460Z,"https://archive.podaac.earthdata.nasa.gov/podaac-ops-cumulus-protected/JASON_CS_S6A_L2_ALT_LR_RED_OST_NRT_F/S6A_P4_2__LR_RED__NR_025_087_20210717T005425_20210717T025012_F02.nc,https://archive.podaac.earthdata.nasa.gov/podaac-ops-cumulus-protected/JASON_CS_S6A_L2_ALT_LR_RED_OST_NRT_F/S6A_P4_2__LR_RED__NR_025_087_20210717T005425_20210717T025012_F02.bufr.bin",,,UNSPECIFIED,0.3086128234863281
S6A_P4_2__LR_RED__NR_025_089_20210717T025012_20210717T044557_F02,,2021-07-17T02:50:12.510Z,2021-07-17T04:45:57.477Z,"https://archive.podaac.earthdata.nasa.gov/podaac-ops-cumulus-protected/JASON_CS_S6A_L2_ALT_LR_RED_OST_NRT_F/S6A_P4_2__LR_RED__NR_025_089_20210717T025012_20210717T044557_F02.nc,https://archive.podaac.earthdata.nasa.gov/podaac-ops-cumulus-protected/JASON_CS_S6A_L2_ALT_LR_RED_OST_NRT_F/S6A_P4_2__LR_RED__NR_025_089_20210717T025012_20210717T044557_F02.bufr.bin",,,UNSPECIFIED,5.448491096496582
S6A_P4_2__LR_RED__NR_025_091_20210717T044557_20210717T064133_F02,,2021-07-17T04:45:57.527Z,2021-07-17T06:41:33.471Z,"https://archive.podaac.earthdata.nasa.gov/podaac-ops-cumulus-protected/JASON_CS_S6A_L2_ALT_LR_RED_OST_NRT_F/S6A_P4_2__LR_RED__NR_025_091_20210717T044557_20210717T064133_F02.nc,https://archive.podaac.earthdata.nasa.gov/podaac-ops-cumulus-protected/JASON_CS_S6A_L2_ALT_LR_RED_OST_NRT_F/S6A_P4_2__LR_RED__NR_025_091_20210717T044557_20210717T064133_F02.bufr.bin",,,UNSPECIFIED,0.31000518798828125
S6A_P4_2__LR_RED__NR_025_093_20210717T064133_20210717T082134_F02,,2021-07-17T06:41:33.522Z,2021-07-17T08:21:34.476Z,"https://archive.podaac.earthdata.nasa.gov/podaac-ops-cumulus-protected/JASON_CS_S6A_L2_ALT_LR_RED_OST_NRT_F/S6A_P4_2__LR_RED__NR_025_093_20210717T064133_20210717T082134_F02.nc,https://archive.podaac.earthdata.nasa.gov/podaac-ops-cumulus-protected/JASON_CS_S6A_L2_ALT_LR_RED_OST_NRT_F/S6A_P4_2__LR_RED__NR_025_093_20210717T064133_20210717T082134_F02.bufr.bin",,,UNSPECIFIED,4.867336273193359
S6A_P4_2__LR_RED__NR_025_095_20210717T082134_20210717T101352_F02,,2021-07-17T08:21:34.526Z,2021-07-17T10:13:52.487Z,"https://archive.podaac.earthdata.nasa.gov/podaac-ops-cumulus-protected/JASON_CS_S6A_L2_ALT_LR_RED_OST_NRT_F/S6A_P4_2__LR_RED__NR_025_095_20210717T082134_20210717T101352_F02.nc,https://archive.podaac.earthdata.nasa.gov/podaac-ops-cumulus-protected/JASON_CS_S6A_L2_ALT_LR_RED_OST_NRT_F/S6A_P4_2__LR_RED__NR_025_095_20210717T082134_20210717T101352_F02.bufr.bin",,,UNSPECIFIED,5.200369834899902
S6A_P4_2__LR_RED__NR_025_097_20210717T101352_20210717T120859_F02,,2021-07-17T10:13:52.538Z,2021-07-17T12:08:59.473Z,"https://archive.podaac.earthdata.nasa.gov/podaac-ops-cumulus-protected/JASON_CS_S6A_L2_ALT_LR_RED_OST_NRT_F/S6A_P4_2__LR_RED__NR_025_097_20210717T101352_20210717T120859_F02.nc,https://archive.podaac.earthdata.nasa.gov/podaac-ops-cumulus-protected/JASON_CS_S6A_L2_ALT_LR_RED_OST_NRT_F/S6A_P4_2__LR_RED__NR_025_097_20210717T101352_20210717T120859_F02.bufr.bin",,,UNSPECIFIED,0.17374515533447266
S6A_P4_2__LR_RED__NR_025_099_20210717T120859_20210717T140513_F02,,2021-07-17T12:08:59.524Z,2021-07-17T14:05:13.492Z,"https://archive.podaac.earthdata.nasa.gov/podaac-ops-cumulus-protected/JASON_CS_S6A_L2_ALT_LR_RED_OST_NRT_F/S6A_P4_2__LR_RED__NR_025_099_20210717T120859_20210717T140513_F02.nc,https://archive.podaac.earthdata.nasa.gov/podaac-ops-cumulus-protected/JASON_CS_S6A_L2_ALT_LR_RED_OST_NRT_F/S6A_P4_2__LR_RED__NR_025_099_20210717T120859_20210717T140513_F02.bufr.bin",,,UNSPECIFIED,2.712338447570801
S6A_P4_2__LR_RED__NR_025_101_20210717T140513_20210717T160120_F02,,2021-07-17T14:05:13.543Z,2021-07-17T16:01:20.456Z,"https://archive.podaac.earthdata.nasa.gov/podaac-ops-cumulus-protected/JASON_CS_S6A_L2_ALT_LR_RED_OST_NRT_F/S6A_P4_2__LR_RED__NR_025_101_20210717T140513_20210717T160120_F02.nc,https://archive.podaac.earthdata.nasa.gov/podaac-ops-cumulus-protected/JASON_CS_S6A_L2_ALT_LR_RED_OST_NRT_F/S6A_P4_2__LR_RED__NR_025_101_20210717T140513_20210717T160120_F02.bufr.bin",,,UNSPECIFIED,5.278033256530762
S6A_P4_2__LR_RED__NR_025_103_20210717T160120_20210717T175708_F02,,2021-07-17T16:01:20.507Z,2021-07-17T17:57:08.480Z,"https://archive.podaac.earthdata.nasa.gov/podaac-ops-cumulus-protected/JASON_CS_S6A_L2_ALT_LR_RED_OST_NRT_F/S6A_P4_2__LR_RED__NR_025_103_20210717T160120_20210717T175708_F02.nc,https://archive.podaac.earthdata.nasa.gov/podaac-ops-cumulus-protected/JASON_CS_S6A_L2_ALT_LR_RED_OST_NRT_F/S6A_P4_2__LR_RED__NR_025_103_20210717T160120_20210717T175708_F02.bufr.bin",,,UNSPECIFIED,0.3082437515258789
S6A_P4_2__LR_RED__NR_025_105_20210717T175708_20210717T195329_F02,,2021-07-17T17:57:08.530Z,2021-07-17T19:53:29.450Z,"https://archive.podaac.earthdata.nasa.gov/podaac-ops-cumulus-protected/JASON_CS_S6A_L2_ALT_LR_RED_OST_NRT_F/S6A_P4_2__LR_RED__NR_025_105_20210717T175708_20210717T195329_F02.nc,https://archive.podaac.earthdata.nasa.gov/podaac-ops-cumulus-protected/JASON_CS_S6A_L2_ALT_LR_RED_OST_NRT_F/S6A_P4_2__LR_RED__NR_025_105_20210717T175708_20210717T195329_F02.bufr.bin",,,UNSPECIFIED,2.714715003967285
S6A_P4_2__LR_RED__NR_025_108_20210717T195329_20210717T212832_F02,,2021-07-17T19:53:29.500Z,2021-07-17T21:28:32.460Z,"https://archive.podaac.earthdata.nasa.gov/podaac-ops-cumulus-protected/JASON_CS_S6A_L2_ALT_LR_RED_OST_NRT_F/S6A_P4_2__LR_RED__NR_025_108_20210717T195329_20210717T212832_F02.nc,https://archive.podaac.earthdata.nasa.gov/podaac-ops-cumulus-protected/JASON_CS_S6A_L2_ALT_LR_RED_OST_NRT_F/S6A_P4_2__LR_RED__NR_025_108_20210717T195329_20210717T212832_F02.bufr.bin",,,UNSPECIFIED,0.3094778060913086
S6A_P4_2__LR_RED__NR_025_109_20210717T212832_20210717T232147_F02,,2021-07-17T21:28:32.510Z,2021-07-17T23:21:47.470Z,"https://archive.podaac.earthdata.nasa.gov/podaac-ops-cumulus-protected/JASON_CS_S6A_L2_ALT_LR_RED_OST_NRT_F/S6A_P4_2__LR_RED__NR_025_109_20210717T212832_20210717T232147_F02.nc,https://archive.podaac.earthdata.nasa.gov/podaac-ops-cumulus-protected/JASON_CS_S6A_L2_ALT_LR_RED_OST_NRT_F/S6A_P4_2__LR_RED__NR_025_109_20210717T212832_20210717T232147_F02.bufr.bin",,,UNSPECIFIED,2.651547431945801
S6A_P4_2__LR_RED__NR_025_111_20210717T232147_20210718T011655_F02,,2021-07-17T23:21:47.520Z,2021-07-18T01:16:55.489Z,"https://archive.podaac.earthdata.nasa.gov/podaac-ops-cumulus-protected/JASON_CS_S6A_L2_ALT_LR_RED_OST_NRT_F/S6A_P4_2__LR_RED__NR_025_111_20210717T232147_20210718T011655_F02.nc,https://archive.podaac.earthdata.nasa.gov/podaac-ops-cumulus-protected/JASON_CS_S6A_L2_ALT_LR_RED_OST_NRT_F/S6A_P4_2__LR_RED__NR_025_111_20210717T232147_20210718T011655_F02.bufr.bin",,,UNSPECIFIED,0.30766868591308594
S6A_P4_2__LR_RED__NR_025_113_20210718T011655_20210718T031245_F02,,2021-07-18T01:16:55.539Z,2021-07-18T03:12:45.450Z,"https://archive.podaac.earthdata.nasa.gov/podaac-ops-cumulus-protected/JASON_CS_S6A_L2_ALT_LR_RED_OST_NRT_F/S6A_P4_2__LR_RED__NR_025_113_20210718T011655_20210718T031245_F02.nc,https://archive.podaac.earthdata.nasa.gov/podaac-ops-cumulus-protected/JASON_CS_S6A_L2_ALT_LR_RED_OST_NRT_F/S6A_P4_2__LR_RED__NR_025_113_20210718T011655_20210718T031245_F02.bufr.bin",,,UNSPECIFIED,5.4349870681762695
S6A_P4_2__LR_RED__NR_025_115_20210718T031245_20210718T050829_F02,,2021-07-18T03:12:45.500Z,2021-07-18T05:08:29.457Z,"https://archive.podaac.earthdata.nasa.gov/podaac-ops-cumulus-protected/JASON_CS_S6A_L2_ALT_LR_RED_OST_NRT_F/S6A_P4_2__LR_RED__NR_025_115_20210718T031245_20210718T050829_F02.nc,https://archive.podaac.earthdata.nasa.gov/podaac-ops-cumulus-protected/JASON_CS_S6A_L2_ALT_LR_RED_OST_NRT_F/S6A_P4_2__LR_RED__NR_025_115_20210718T031245_20210718T050829_F02.bufr.bin",,,UNSPECIFIED,2.7024736404418945
S6A_P4_2__LR_RED__NR_025_117_20210718T050829_20210718T070406_F02,,2021-07-18T05:08:29.507Z,2021-07-18T07:04:06.461Z,"https://archive.podaac.earthdata.nasa.gov/podaac-ops-cumulus-protected/JASON_CS_S6A_L2_ALT_LR_RED_OST_NRT_F/S6A_P4_2__LR_RED__NR_025_117_20210718T050829_20210718T070406_F02.nc,https://archive.podaac.earthdata.nasa.gov/podaac-ops-cumulus-protected/JASON_CS_S6A_L2_ALT_LR_RED_OST_NRT_F/S6A_P4_2__LR_RED__NR_025_117_20210718T050829_20210718T070406_F02.bufr.bin",,,UNSPECIFIED,5.577672958374023
S6A_P4_2__LR_RED__NR_025_119_20210718T070406_20210718T084306_F02,,2021-07-18T07:04:06.511Z,2021-07-18T08:43:06.469Z,"https://archive.podaac.earthdata.nasa.gov/podaac-ops-cumulus-protected/JASON_CS_S6A_L2_ALT_LR_RED_OST_NRT_F/S6A_P4_2__LR_RED__NR_025_119_20210718T070406_20210718T084306_F02.nc,https://archive.podaac.earthdata.nasa.gov/podaac-ops-cumulus-protected/JASON_CS_S6A_L2_ALT_LR_RED_OST_NRT_F/S6A_P4_2__LR_RED__NR_025_119_20210718T070406_20210718T084306_F02.bufr.bin",,,UNSPECIFIED,0.30742835998535156
S6A_P4_2__LR_RED__NR_025_121_20210718T084306_20210718T103559_F02,,2021-07-18T08:43:06.520Z,2021-07-18T10:35:59.482Z,"https://archive.podaac.earthdata.nasa.gov/podaac-ops-cumulus-protected/JASON_CS_S6A_L2_ALT_LR_RED_OST_NRT_F/S6A_P4_2__LR_RED__NR_025_121_20210718T084306_20210718T103559_F02.nc,https://archive.podaac.earthdata.nasa.gov/podaac-ops-cumulus-protected/JASON_CS_S6A_L2_ALT_LR_RED_OST_NRT_F/S6A_P4_2__LR_RED__NR_025_121_20210718T084306_20210718T103559_F02.bufr.bin",,,UNSPECIFIED,0.3086118698120117
S6A_P4_2__LR_RED__NR_025_123_20210718T103559_20210718T123140_F02,,2021-07-18T10:35:59.532Z,2021-07-18T12:31:40.459Z,"https://archive.podaac.earthdata.nasa.gov/podaac-ops-cumulus-protected/JASON_CS_S6A_L2_ALT_LR_RED_OST_NRT_F/S6A_P4_2__LR_RED__NR_025_123_20210718T103559_20210718T123140_F02.nc,https://archive.podaac.earthdata.nasa.gov/podaac-ops-cumulus-protected/JASON_CS_S6A_L2_ALT_LR_RED_OST_NRT_F/S6A_P4_2__LR_RED__NR_025_123_20210718T103559_20210718T123140_F02.bufr.bin",,,UNSPECIFIED,5.3783464431762695
S6A_P4_2__LR_RED__NR_025_125_20210718T123140_20210718T142756_F02,,2021-07-18T12:31:40.509Z,2021-07-18T14:27:56.460Z,"https://archive.podaac.earthdata.nasa.gov/podaac-ops-cumulus-protected/JASON_CS_S6A_L2_ALT_LR_RED_OST_NRT_F/S6A_P4_2__LR_RED__NR_025_125_20210718T123140_20210718T142756_F02.nc,https://archive.podaac.earthdata.nasa.gov/podaac-ops-cumulus-protected/JASON_CS_S6A_L2_ALT_LR_RED_OST_NRT_F/S6A_P4_2__LR_RED__NR_025_125_20210718T123140_20210718T142756_F02.bufr.bin",,,UNSPECIFIED,2.713017463684082
S6A_P4_2__LR_RED__NR_025_127_20210718T142756_20210718T162356_F02,,2021-07-18T14:27:56.511Z,2021-07-18T16:23:56.469Z,"https://archive.podaac.earthdata.nasa.gov/podaac-ops-cumulus-protected/JASON_CS_S6A_L2_ALT_LR_RED_OST_NRT_F/S6A_P4_2__LR_RED__NR_025_127_20210718T142756_20210718T162356_F02.nc,https://archive.podaac.earthdata.nasa.gov/podaac-ops-cumulus-protected/JASON_CS_S6A_L2_ALT_LR_RED_OST_NRT_F/S6A_P4_2__LR_RED__NR_025_127_20210718T142756_20210718T162356_F02.bufr.bin",,,UNSPECIFIED,2.66310977935791
S6A_P4_2__LR_RED__NR_025_129_20210718T162356_20210718T181945_F02,,2021-07-18T16:23:56.519Z,2021-07-18T18:19:45.468Z,"https://archive.podaac.earthdata.nasa.gov/podaac-ops-cumulus-protected/JASON_CS_S6A_L2_ALT_LR_RED_OST_NRT_F/S6A_P4_2__LR_RED__NR_025_129_20210718T162356_20210718T181945_F02.nc,https://archive.podaac.earthdata.nasa.gov/podaac-ops-cumulus-protected/JASON_CS_S6A_L2_ALT_LR_RED_OST_NRT_F/S6A_P4_2__LR_RED__NR_025_129_20210718T162356_20210718T181945_F02.bufr.bin",,,UNSPECIFIED,0.3106813430786133
S6A_P4_2__LR_RED__NR_025_132_20210718T181945_20210718T195907_F02,,2021-07-18T18:19:45.518Z,2021-07-18T19:59:07.460Z,"https://archive.podaac.earthdata.nasa.gov/podaac-ops-cumulus-protected/JASON_CS_S6A_L2_ALT_LR_RED_OST_NRT_F/S6A_P4_2__LR_RED__NR_025_132_20210718T181945_20210718T195907_F02.nc,https://archive.podaac.earthdata.nasa.gov/podaac-ops-cumulus-protected/JASON_CS_S6A_L2_ALT_LR_RED_OST_NRT_F/S6A_P4_2__LR_RED__NR_025_132_20210718T181945_20210718T195907_F02.bufr.bin",,,UNSPECIFIED,4.515511512756348
S6A_P4_2__LR_RED__NR_025_133_20210718T195907_20210718T215014_F02,,2021-07-18T19:59:07.511Z,2021-07-18T21:50:14.453Z,"https://archive.podaac.earthdata.nasa.gov/podaac-ops-cumulus-protected/JASON_CS_S6A_L2_ALT_LR_RED_OST_NRT_F/S6A_P4_2__LR_RED__NR_025_133_20210718T195907_20210718T215014_F02.nc,https://archive.podaac.earthdata.nasa.gov/podaac-ops-cumulus-protected/JASON_CS_S6A_L2_ALT_LR_RED_OST_NRT_F/S6A_P4_2__LR_RED__NR_025_133_20210718T195907_20210718T215014_F02.bufr.bin",,,UNSPECIFIED,0.3113222122192383
S6A_P4_2__LR_RED__NR_025_135_20210718T215014_20210718T234402_F02,,2021-07-18T21:50:14.504Z,2021-07-18T23:44:02.452Z,"https://archive.podaac.earthdata.nasa.gov/podaac-ops-cumulus-protected/JASON_CS_S6A_L2_ALT_LR_RED_OST_NRT_F/S6A_P4_2__LR_RED__NR_025_135_20210718T215014_20210718T234402_F02.nc,https://archive.podaac.earthdata.nasa.gov/podaac-ops-cumulus-protected/JASON_CS_S6A_L2_ALT_LR_RED_OST_NRT_F/S6A_P4_2__LR_RED__NR_025_135_20210718T215014_20210718T234402_F02.bufr.bin",,,UNSPECIFIED,2.6627511978149414
S6A_P4_2__LR_RED__NR_025_137_20210718T234402_20210719T013937_F02,,2021-07-18T23:44:02.503Z,2021-07-19T01:39:37.471Z,"https://archive.podaac.earthdata.nasa.gov/podaac-ops-cumulus-protected/JASON_CS_S6A_L2_ALT_LR_RED_OST_NRT_F/S6A_P4_2__LR_RED__NR_025_137_20210718T234402_20210719T013937_F02.nc,https://archive.podaac.earthdata.nasa.gov/podaac-ops-cumulus-protected/JASON_CS_S6A_L2_ALT_LR_RED_OST_NRT_F/S6A_P4_2__LR_RED__NR_025_137_20210718T234402_20210719T013937_F02.bufr.bin",,,UNSPECIFIED,5.541729927062988
S6A_P4_2__LR_RED__NR_025_139_20210719T013937_20210719T033531_F02,,2021-07-19T01:39:37.521Z,2021-07-19T03:35:31.458Z,"https://archive.podaac.earthdata.nasa.gov/podaac-ops-cumulus-protected/JASON_CS_S6A_L2_ALT_LR_RED_OST_NRT_F/S6A_P4_2__LR_RED__NR_025_139_20210719T013937_20210719T033531_F02.nc,https://archive.podaac.earthdata.nasa.gov/podaac-ops-cumulus-protected/JASON_CS_S6A_L2_ALT_LR_RED_OST_NRT_F/S6A_P4_2__LR_RED__NR_025_139_20210719T013937_20210719T033531_F02.bufr.bin",,,UNSPECIFIED,0.31206512451171875
S6A_P4_2__LR_RED__NR_025_141_20210719T033531_20210719T053101_F02,,2021-07-19T03:35:31.509Z,2021-07-19T05:31:01.485Z,"https://archive.podaac.earthdata.nasa.gov/podaac-ops-cumulus-protected/JASON_CS_S6A_L2_ALT_LR_RED_OST_NRT_F/S6A_P4_2__LR_RED__NR_025_141_20210719T033531_20210719T053101_F02.nc,https://archive.podaac.earthdata.nasa.gov/podaac-ops-cumulus-protected/JASON_CS_S6A_L2_ALT_LR_RED_OST_NRT_F/S6A_P4_2__LR_RED__NR_025_141_20210719T033531_20210719T053101_F02.bufr.bin",,,UNSPECIFIED,2.697381019592285
S6A_P4_2__LR_RED__NR_025_143_20210719T053101_20210719T072643_F02,,2021-07-19T05:31:01.536Z,2021-07-19T07:26:43.495Z,"https://archive.podaac.earthdata.nasa.gov/podaac-ops-cumulus-protected/JASON_CS_S6A_L2_ALT_LR_RED_OST_NRT_F/S6A_P4_2__LR_RED__NR_025_143_20210719T053101_20210719T072643_F02.nc,https://archive.podaac.earthdata.nasa.gov/podaac-ops-cumulus-protected/JASON_CS_S6A_L2_ALT_LR_RED_OST_NRT_F/S6A_P4_2__LR_RED__NR_025_143_20210719T053101_20210719T072643_F02.bufr.bin",,,UNSPECIFIED,5.491374969482422
S6A_P4_2__LR_RED__NR_025_146_20210719T072643_20210719T090425_F02,,2021-07-19T07:26:43.546Z,2021-07-19T09:04:25.454Z,"https://archive.podaac.earthdata.nasa.gov/podaac-ops-cumulus-protected/JASON_CS_S6A_L2_ALT_LR_RED_OST_NRT_F/S6A_P4_2__LR_RED__NR_025_146_20210719T072643_20210719T090425_F02.nc,https://archive.podaac.earthdata.nasa.gov/podaac-ops-cumulus-protected/JASON_CS_S6A_L2_ALT_LR_RED_OST_NRT_F/S6A_P4_2__LR_RED__NR_025_146_20210719T072643_20210719T090425_F02.bufr.bin",,,UNSPECIFIED,2.3144350051879883
S6A_P4_2__LR_RED__NR_025_147_20210719T090425_20210719T105824_F02,,2021-07-19T09:04:25.504Z,2021-07-19T10:58:24.481Z,"https://archive.podaac.earthdata.nasa.gov/podaac-ops-cumulus-protected/JASON_CS_S6A_L2_ALT_LR_RED_OST_NRT_F/S6A_P4_2__LR_RED__NR_025_147_20210719T090425_20210719T105824_F02.nc,https://archive.podaac.earthdata.nasa.gov/podaac-ops-cumulus-protected/JASON_CS_S6A_L2_ALT_LR_RED_OST_NRT_F/S6A_P4_2__LR_RED__NR_025_147_20210719T090425_20210719T105824_F02.bufr.bin",,,UNSPECIFIED,2.6665048599243164
S6A_P4_2__LR_RED__NR_025_149_20210719T105824_20210719T125424_F02,,2021-07-19T10:58:24.531Z,2021-07-19T12:54:24.454Z,"https://archive.podaac.earthdata.nasa.gov/podaac-ops-cumulus-protected/JASON_CS_S6A_L2_ALT_LR_RED_OST_NRT_F/S6A_P4_2__LR_RED__NR_025_149_20210719T105824_20210719T125424_F02.nc,https://archive.podaac.earthdata.nasa.gov/podaac-ops-cumulus-protected/JASON_CS_S6A_L2_ALT_LR_RED_OST_NRT_F/S6A_P4_2__LR_RED__NR_025_149_20210719T105824_20210719T125424_F02.bufr.bin",,,UNSPECIFIED,0.3107280731201172
S6A_P4_2__LR_RED__NR_025_151_20210719T125424_20210719T145038_F02,,2021-07-19T12:54:24.505Z,2021-07-19T14:50:38.478Z,"https://archive.podaac.earthdata.nasa.gov/podaac-ops-cumulus-protected/JASON_CS_S6A_L2_ALT_LR_RED_OST_NRT_F/S6A_P4_2__LR_RED__NR_025_151_20210719T125424_20210719T145038_F02.nc,https://archive.podaac.earthdata.nasa.gov/podaac-ops-cumulus-protected/JASON_CS_S6A_L2_ALT_LR_RED_OST_NRT_F/S6A_P4_2__LR_RED__NR_025_151_20210719T125424_20210719T145038_F02.bufr.bin",,,UNSPECIFIED,2.712338447570801
S6A_P4_2__LR_RED__NR_025_153_20210719T145541_20210719T164632_F02,,2021-07-19T14:55:41.500Z,2021-07-19T16:46:32.478Z,"https://archive.podaac.earthdata.nasa.gov/podaac-ops-cumulus-protected/JASON_CS_S6A_L2_ALT_LR_RED_OST_NRT_F/S6A_P4_2__LR_RED__NR_025_153_20210719T145541_20210719T164632_F02.nc,https://archive.podaac.earthdata.nasa.gov/podaac-ops-cumulus-protected/JASON_CS_S6A_L2_ALT_LR_RED_OST_NRT_F/S6A_P4_2__LR_RED__NR_025_153_20210719T145541_20210719T164632_F02.bufr.bin",,,UNSPECIFIED,0.23371219635009766
S6A_P4_2__LR_RED__NR_025_155_20210719T164632_20210719T184227_F02,,2021-07-19T16:46:32.528Z,2021-07-19T18:42:27.495Z,"https://archive.podaac.earthdata.nasa.gov/podaac-ops-cumulus-protected/JASON_CS_S6A_L2_ALT_LR_RED_OST_NRT_F/S6A_P4_2__LR_RED__NR_025_155_20210719T164632_20210719T184227_F02.nc,https://archive.podaac.earthdata.nasa.gov/podaac-ops-cumulus-protected/JASON_CS_S6A_L2_ALT_LR_RED_OST_NRT_F/S6A_P4_2__LR_RED__NR_025_155_20210719T164632_20210719T184227_F02.bufr.bin",,,UNSPECIFIED,5.390652656555176
S6A_P4_2__LR_RED__NR_025_158_20210719T184227_20210719T201949_F02,,2021-07-19T18:42:27.545Z,2021-07-19T20:19:49.495Z,"https://archive.podaac.earthdata.nasa.gov/podaac-ops-cumulus-protected/JASON_CS_S6A_L2_ALT_LR_RED_OST_NRT_F/S6A_P4_2__LR_RED__NR_025_158_20210719T184227_20210719T201949_F02.nc,https://archive.podaac.earthdata.nasa.gov/podaac-ops-cumulus-protected/JASON_CS_S6A_L2_ALT_LR_RED_OST_NRT_F/S6A_P4_2__LR_RED__NR_025_158_20210719T184227_20210719T201949_F02.bufr.bin",,,UNSPECIFIED,4.067910194396973
S6A_P4_2__LR_RED__NR_025_159_20210719T201949_20210719T221154_F02,,2021-07-19T20:19:49.546Z,2021-07-19T22:11:54.451Z,"https://archive.podaac.earthdata.nasa.gov/podaac-ops-cumulus-protected/JASON_CS_S6A_L2_ALT_LR_RED_OST_NRT_F/S6A_P4_2__LR_RED__NR_025_159_20210719T201949_20210719T221154_F02.nc,https://archive.podaac.earthdata.nasa.gov/podaac-ops-cumulus-protected/JASON_CS_S6A_L2_ALT_LR_RED_OST_NRT_F/S6A_P4_2__LR_RED__NR_025_159_20210719T201949_20210719T221154_F02.bufr.bin",,,UNSPECIFIED,0.3165731430053711
S6A_P4_2__LR_RED__NR_025_161_20210719T221154_20210720T000626_F02,,2021-07-19T22:11:54.501Z,2021-07-20T00:06:26.468Z,"https://archive.podaac.earthdata.nasa.gov/podaac-ops-cumulus-protected/JASON_CS_S6A_L2_ALT_LR_RED_OST_NRT_F/S6A_P4_2__LR_RED__NR_025_161_20210719T221154_20210720T000626_F02.nc,https://archive.podaac.earthdata.nasa.gov/podaac-ops-cumulus-protected/JASON_CS_S6A_L2_ALT_LR_RED_OST_NRT_F/S6A_P4_2__LR_RED__NR_025_161_20210719T221154_20210720T000626_F02.bufr.bin",,,UNSPECIFIED,2.6780214309692383
S6A_P4_2__LR_RED__NR_025_163_20210720T000626_20210720T020212_F02,,2021-07-20T00:06:26.518Z,2021-07-20T02:02:12.474Z,"https://archive.podaac.earthdata.nasa.gov/podaac-ops-cumulus-protected/JASON_CS_S6A_L2_ALT_LR_RED_OST_NRT_F/S6A_P4_2__LR_RED__NR_025_163_20210720T000626_20210720T020212_F02.nc,https://archive.podaac.earthdata.nasa.gov/podaac-ops-cumulus-protected/JASON_CS_S6A_L2_ALT_LR_RED_OST_NRT_F/S6A_P4_2__LR_RED__NR_025_163_20210720T000626_20210720T020212_F02.bufr.bin",,,UNSPECIFIED,5.449790000915527
S6A_P4_2__LR_RED__NR_025_165_20210720T020212_20210720T035756_F02,,2021-07-20T02:02:12.525Z,2021-07-20T03:57:56.493Z,"https://archive.podaac.earthdata.nasa.gov/podaac-ops-cumulus-protected/JASON_CS_S6A_L2_ALT_LR_RED_OST_NRT_F/S6A_P4_2__LR_RED__NR_025_165_20210720T020212_20210720T035756_F02.nc,https://archive.podaac.earthdata.nasa.gov/podaac-ops-cumulus-protected/JASON_CS_S6A_L2_ALT_LR_RED_OST_NRT_F/S6A_P4_2__LR_RED__NR_025_165_20210720T020212_20210720T035756_F02.bufr.bin",,,UNSPECIFIED,2.702134132385254
S6A_P4_2__LR_RED__NR_025_167_20210720T035756_20210720T055333_F02,,2021-07-20T03:57:56.543Z,2021-07-20T05:53:33.482Z,"https://archive.podaac.earthdata.nasa.gov/podaac-ops-cumulus-protected/JASON_CS_S6A_L2_ALT_LR_RED_OST_NRT_F/S6A_P4_2__LR_RED__NR_025_167_20210720T035756_20210720T055333_F02.nc,https://archive.podaac.earthdata.nasa.gov/podaac-ops-cumulus-protected/JASON_CS_S6A_L2_ALT_LR_RED_OST_NRT_F/S6A_P4_2__LR_RED__NR_025_167_20210720T035756_20210720T055333_F02.bufr.bin",,,UNSPECIFIED,0.3081998825073242
S6A_P4_2__LR_RED__NR_025_169_20210720T055333_20210720T073350_F02,,2021-07-20T05:53:33.532Z,2021-07-20T07:33:50.485Z,"https://archive.podaac.earthdata.nasa.gov/podaac-ops-cumulus-protected/JASON_CS_S6A_L2_ALT_LR_RED_OST_NRT_F/S6A_P4_2__LR_RED__NR_025_169_20210720T055333_20210720T073350_F02.nc,https://archive.podaac.earthdata.nasa.gov/podaac-ops-cumulus-protected/JASON_CS_S6A_L2_ALT_LR_RED_OST_NRT_F/S6A_P4_2__LR_RED__NR_025_169_20210720T055333_20210720T073350_F02.bufr.bin",,,UNSPECIFIED,2.387089729309082
S6A_P4_2__LR_RED__NR_025_171_20210720T073350_20210720T092602_F02,,2021-07-20T07:33:50.536Z,2021-07-20T09:26:02.499Z,"https://archive.podaac.earthdata.nasa.gov/podaac-ops-cumulus-protected/JASON_CS_S6A_L2_ALT_LR_RED_OST_NRT_F/S6A_P4_2__LR_RED__NR_025_171_20210720T073350_20210720T092602_F02.nc,https://archive.podaac.earthdata.nasa.gov/podaac-ops-cumulus-protected/JASON_CS_S6A_L2_ALT_LR_RED_OST_NRT_F/S6A_P4_2__LR_RED__NR_025_171_20210720T073350_20210720T092602_F02.bufr.bin",,,UNSPECIFIED,5.184728622436523
S6A_P4_2__LR_RED__NR_025_173_20210720T092602_20210720T112057_F02,,2021-07-20T09:26:02.550Z,2021-07-20T11:20:57.455Z,"https://archive.podaac.earthdata.nasa.gov/podaac-ops-cumulus-protected/JASON_CS_S6A_L2_ALT_LR_RED_OST_NRT_F/S6A_P4_2__LR_RED__NR_025_173_20210720T092602_20210720T112057_F02.nc,https://archive.podaac.earthdata.nasa.gov/podaac-ops-cumulus-protected/JASON_CS_S6A_L2_ALT_LR_RED_OST_NRT_F/S6A_P4_2__LR_RED__NR_025_173_20210720T092602_20210720T112057_F02.bufr.bin",,,UNSPECIFIED,0.30794620513916016
S6A_P4_2__LR_RED__NR_025_175_20210720T112057_20210720T131708_F02,,2021-07-20T11:20:57.505Z,2021-07-20T13:17:08.460Z,"https://archive.podaac.earthdata.nasa.gov/podaac-ops-cumulus-protected/JASON_CS_S6A_L2_ALT_LR_RED_OST_NRT_F/S6A_P4_2__LR_RED__NR_025_175_20210720T112057_20210720T131708_F02.nc,https://archive.podaac.earthdata.nasa.gov/podaac-ops-cumulus-protected/JASON_CS_S6A_L2_ALT_LR_RED_OST_NRT_F/S6A_P4_2__LR_RED__NR_025_175_20210720T112057_20210720T131708_F02.bufr.bin",,,UNSPECIFIED,0.30799198150634766
S6A_P4_2__LR_RED__NR_025_177_20210720T131708_20210720T151317_F02,,2021-07-20T13:17:08.510Z,2021-07-20T15:13:17.477Z,"https://archive.podaac.earthdata.nasa.gov/podaac-ops-cumulus-protected/JASON_CS_S6A_L2_ALT_LR_RED_OST_NRT_F/S6A_P4_2__LR_RED__NR_025_177_20210720T131708_20210720T151317_F02.nc,https://archive.podaac.earthdata.nasa.gov/podaac-ops-cumulus-protected/JASON_CS_S6A_L2_ALT_LR_RED_OST_NRT_F/S6A_P4_2__LR_RED__NR_025_177_20210720T131708_20210720T151317_F02.bufr.bin",,,UNSPECIFIED,0.3105440139770508
S6A_P4_2__LR_RED__NR_025_184_20210720T190549_20210720T204056_F02,,2021-07-20T19:05:49.565Z,2021-07-20T20:40:56.498Z,"https://archive.podaac.earthdata.nasa.gov/podaac-ops-cumulus-protected/JASON_CS_S6A_L2_ALT_LR_RED_OST_NRT_F/S6A_P4_2__LR_RED__NR_025_184_20210720T190549_20210720T204056_F02.nc,https://archive.podaac.earthdata.nasa.gov/podaac-ops-cumulus-protected/JASON_CS_S6A_L2_ALT_LR_RED_OST_NRT_F/S6A_P4_2__LR_RED__NR_025_184_20210720T190549_20210720T204056_F02.bufr.bin",,,UNSPECIFIED,0.22264480590820312
S6A_P4_2__LR_RED__NR_025_185_20210720T204056_20210720T223355_F02,,2021-07-20T20:40:56.548Z,2021-07-20T22:33:55.482Z,"https://archive.podaac.earthdata.nasa.gov/podaac-ops-cumulus-protected/JASON_CS_S6A_L2_ALT_LR_RED_OST_NRT_F/S6A_P4_2__LR_RED__NR_025_185_20210720T204056_20210720T223355_F02.nc,https://archive.podaac.earthdata.nasa.gov/podaac-ops-cumulus-protected/JASON_CS_S6A_L2_ALT_LR_RED_OST_NRT_F/S6A_P4_2__LR_RED__NR_025_185_20210720T204056_20210720T223355_F02.bufr.bin",,,UNSPECIFIED,0.30174732208251953
S6A_P4_2__LR_RED__NR_025_187_20210720T223355_20210721T002855_F02,,2021-07-20T22:33:55.532Z,2021-07-21T00:28:55.469Z,"https://archive.podaac.earthdata.nasa.gov/podaac-ops-cumulus-protected/JASON_CS_S6A_L2_ALT_LR_RED_OST_NRT_F/S6A_P4_2__LR_RED__NR_025_187_20210720T223355_20210721T002855_F02.nc,https://archive.podaac.earthdata.nasa.gov/podaac-ops-cumulus-protected/JASON_CS_S6A_L2_ALT_LR_RED_OST_NRT_F/S6A_P4_2__LR_RED__NR_025_187_20210720T223355_20210721T002855_F02.bufr.bin",,,UNSPECIFIED,2.687188148498535
S6A_P4_2__LR_RED__NR_025_189_20210721T002855_20210721T022443_F02,,2021-07-21T00:28:55.519Z,2021-07-21T02:24:43.496Z,"https://archive.podaac.earthdata.nasa.gov/podaac-ops-cumulus-protected/JASON_CS_S6A_L2_ALT_LR_RED_OST_NRT_F/S6A_P4_2__LR_RED__NR_025_189_20210721T002855_20210721T022443_F02.nc,https://archive.podaac.earthdata.nasa.gov/podaac-ops-cumulus-protected/JASON_CS_S6A_L2_ALT_LR_RED_OST_NRT_F/S6A_P4_2__LR_RED__NR_025_189_20210721T002855_20210721T022443_F02.bufr.bin",,,UNSPECIFIED,0.31048107147216797
S6A_P4_2__LR_RED__NR_025_191_20210721T022443_20210721T042029_F02,,2021-07-21T02:24:43.546Z,2021-07-21T04:20:29.455Z,"https://archive.podaac.earthdata.nasa.gov/podaac-ops-cumulus-protected/JASON_CS_S6A_L2_ALT_LR_RED_OST_NRT_F/S6A_P4_2__LR_RED__NR_025_191_20210721T022443_20210721T042029_F02.nc,https://archive.podaac.earthdata.nasa.gov/podaac-ops-cumulus-protected/JASON_CS_S6A_L2_ALT_LR_RED_OST_NRT_F/S6A_P4_2__LR_RED__NR_025_191_20210721T022443_20210721T042029_F02.bufr.bin",,,UNSPECIFIED,2.702813148498535
S6A_P4_2__LR_RED__NR_025_193_20210721T042029_20210721T061605_F02,,2021-07-21T04:20:29.506Z,2021-07-21T06:16:05.495Z,"https://archive.podaac.earthdata.nasa.gov/podaac-ops-cumulus-protected/JASON_CS_S6A_L2_ALT_LR_RED_OST_NRT_F/S6A_P4_2__LR_RED__NR_025_193_20210721T042029_20210721T061605_F02.nc,https://archive.podaac.earthdata.nasa.gov/podaac-ops-cumulus-protected/JASON_CS_S6A_L2_ALT_LR_RED_OST_NRT_F/S6A_P4_2__LR_RED__NR_025_193_20210721T042029_20210721T061605_F02.bufr.bin",,,UNSPECIFIED,5.509055137634277
S6A_P4_2__LR_RED__NR_025_195_20210721T061605_20210721T075531_F02,,2021-07-21T06:16:05.545Z,2021-07-21T07:55:31.462Z,"https://archive.podaac.earthdata.nasa.gov/podaac-ops-cumulus-protected/JASON_CS_S6A_L2_ALT_LR_RED_OST_NRT_F/S6A_P4_2__LR_RED__NR_025_195_20210721T061605_20210721T075531_F02.nc,https://archive.podaac.earthdata.nasa.gov/podaac-ops-cumulus-protected/JASON_CS_S6A_L2_ALT_LR_RED_OST_NRT_F/S6A_P4_2__LR_RED__NR_025_195_20210721T061605_20210721T075531_F02.bufr.bin",,,UNSPECIFIED,0.3128633499145508
S6A_P4_2__LR_RED__NR_025_197_20210721T075531_20210721T094805_F02,,2021-07-21T07:55:31.512Z,2021-07-21T09:48:05.480Z,"https://archive.podaac.earthdata.nasa.gov/podaac-ops-cumulus-protected/JASON_CS_S6A_L2_ALT_LR_RED_OST_NRT_F/S6A_P4_2__LR_RED__NR_025_197_20210721T075531_20210721T094805_F02.nc,https://archive.podaac.earthdata.nasa.gov/podaac-ops-cumulus-protected/JASON_CS_S6A_L2_ALT_LR_RED_OST_NRT_F/S6A_P4_2__LR_RED__NR_025_197_20210721T075531_20210721T094805_F02.bufr.bin",,,UNSPECIFIED,0.3144826889038086
S6A_P4_2__LR_RED__NR_025_199_20210721T094805_20210721T114336_F02,,2021-07-21T09:48:05.530Z,2021-07-21T11:43:36.454Z,"https://archive.podaac.earthdata.nasa.gov/podaac-ops-cumulus-protected/JASON_CS_S6A_L2_ALT_LR_RED_OST_NRT_F/S6A_P4_2__LR_RED__NR_025_199_20210721T094805_20210721T114336_F02.nc,https://archive.podaac.earthdata.nasa.gov/podaac-ops-cumulus-protected/JASON_CS_S6A_L2_ALT_LR_RED_OST_NRT_F/S6A_P4_2__LR_RED__NR_025_199_20210721T094805_20210721T114336_F02.bufr.bin",,,UNSPECIFIED,0.3140707015991211
S6A_P4_2__LR_RED__NR_025_201_20210721T114336_20210721T133952_F02,,2021-07-21T11:43:36.504Z,2021-07-21T13:39:52.463Z,"https://archive.podaac.earthdata.nasa.gov/podaac-ops-cumulus-protected/JASON_CS_S6A_L2_ALT_LR_RED_OST_NRT_F/S6A_P4_2__LR_RED__NR_025_201_20210721T114336_20210721T133952_F02.nc,https://archive.podaac.earthdata.nasa.gov/podaac-ops-cumulus-protected/JASON_CS_S6A_L2_ALT_LR_RED_OST_NRT_F/S6A_P4_2__LR_RED__NR_025_201_20210721T114336_20210721T133952_F02.bufr.bin",,,UNSPECIFIED,0.5438814163208008
S6A_P4_2__LR_RED__NR_025_203_20210721T133952_20210721T153555_F02,,2021-07-21T13:39:52.513Z,2021-07-21T15:35:55.494Z,"https://archive.podaac.earthdata.nasa.gov/podaac-ops-cumulus-protected/JASON_CS_S6A_L2_ALT_LR_RED_OST_NRT_F/S6A_P4_2__LR_RED__NR_025_203_20210721T133952_20210721T153555_F02.nc,https://archive.podaac.earthdata.nasa.gov/podaac-ops-cumulus-protected/JASON_CS_S6A_L2_ALT_LR_RED_OST_NRT_F/S6A_P4_2__LR_RED__NR_025_203_20210721T133952_20210721T153555_F02.bufr.bin",,,UNSPECIFIED,2.6637887954711914
S6A_P4_2__LR_RED__NR_025_205_20210721T153555_20210721T173143_F02,,2021-07-21T15:35:55.544Z,2021-07-21T17:31:43.489Z,"https://archive.podaac.earthdata.nasa.gov/podaac-ops-cumulus-protected/JASON_CS_S6A_L2_ALT_LR_RED_OST_NRT_F/S6A_P4_2__LR_RED__NR_025_205_20210721T153555_20210721T173143_F02.nc,https://archive.podaac.earthdata.nasa.gov/podaac-ops-cumulus-protected/JASON_CS_S6A_L2_ALT_LR_RED_OST_NRT_F/S6A_P4_2__LR_RED__NR_025_205_20210721T153555_20210721T173143_F02.bufr.bin",,,UNSPECIFIED,0.3132820129394531
S6A_P4_2__LR_RED__NR_025_207_20210721T173143_20210721T191151_F02,,2021-07-21T17:31:43.539Z,2021-07-21T19:11:51.454Z,"https://archive.podaac.earthdata.nasa.gov/podaac-ops-cumulus-protected/JASON_CS_S6A_L2_ALT_LR_RED_OST_NRT_F/S6A_P4_2__LR_RED__NR_025_207_20210721T173143_20210721T191151_F02.nc,https://archive.podaac.earthdata.nasa.gov/podaac-ops-cumulus-protected/JASON_CS_S6A_L2_ALT_LR_RED_OST_NRT_F/S6A_P4_2__LR_RED__NR_025_207_20210721T173143_20210721T191151_F02.bufr.bin",,,UNSPECIFIED,0.31412696838378906
S6A_P4_2__LR_RED__NR_025_209_20210721T191151_20210721T210223_F02,,2021-07-21T19:11:51.504Z,2021-07-21T21:02:23.465Z,"https://archive.podaac.earthdata.nasa.gov/podaac-ops-cumulus-protected/JASON_CS_S6A_L2_ALT_LR_RED_OST_NRT_F/S6A_P4_2__LR_RED__NR_025_209_20210721T191151_20210721T210223_F02.nc,https://archive.podaac.earthdata.nasa.gov/podaac-ops-cumulus-protected/JASON_CS_S6A_L2_ALT_LR_RED_OST_NRT_F/S6A_P4_2__LR_RED__NR_025_209_20210721T191151_20210721T210223_F02.bufr.bin",,,UNSPECIFIED,2.551732063293457
S6A_P4_2__LR_RED__NR_025_211_20210721T210223_20210721T225607_F02,,2021-07-21T21:02:23.515Z,2021-07-21T22:56:07.464Z,"https://archive.podaac.earthdata.nasa.gov/podaac-ops-cumulus-protected/JASON_CS_S6A_L2_ALT_LR_RED_OST_NRT_F/S6A_P4_2__LR_RED__NR_025_211_20210721T210223_20210721T225607_F02.nc,https://archive.podaac.earthdata.nasa.gov/podaac-ops-cumulus-protected/JASON_CS_S6A_L2_ALT_LR_RED_OST_NRT_F/S6A_P4_2__LR_RED__NR_025_211_20210721T210223_20210721T225607_F02.bufr.bin",,,UNSPECIFIED,2.661393165588379
S6A_P4_2__LR_RED__NR_025_213_20210721T225607_20210722T005131_F02,,2021-07-21T22:56:07.515Z,2021-07-22T00:51:31.464Z,"https://archive.podaac.earthdata.nasa.gov/podaac-ops-cumulus-protected/JASON_CS_S6A_L2_ALT_LR_RED_OST_NRT_F/S6A_P4_2__LR_RED__NR_025_213_20210721T225607_20210722T005131_F02.nc,https://archive.podaac.earthdata.nasa.gov/podaac-ops-cumulus-protected/JASON_CS_S6A_L2_ALT_LR_RED_OST_NRT_F/S6A_P4_2__LR_RED__NR_025_213_20210721T225607_20210722T005131_F02.bufr.bin",,,UNSPECIFIED,0.31138038635253906
S6A_P4_2__LR_RED__NR_025_215_20210722T005131_20210722T024724_F02,,2021-07-22T00:51:31.514Z,2021-07-22T02:47:24.497Z,"https://archive.podaac.earthdata.nasa.gov/podaac-ops-cumulus-protected/JASON_CS_S6A_L2_ALT_LR_RED_OST_NRT_F/S6A_P4_2__LR_RED__NR_025_215_20210722T005131_20210722T024724_F02.nc,https://archive.podaac.earthdata.nasa.gov/podaac-ops-cumulus-protected/JASON_CS_S6A_L2_ALT_LR_RED_OST_NRT_F/S6A_P4_2__LR_RED__NR_025_215_20210722T005131_20210722T024724_F02.bufr.bin",,,UNSPECIFIED,5.4414167404174805
S6A_P4_2__LR_RED__NR_025_217_20210722T024724_20210722T044301_F02,,2021-07-22T02:47:24.547Z,2021-07-22T04:43:01.468Z,"https://archive.podaac.earthdata.nasa.gov/podaac-ops-cumulus-protected/JASON_CS_S6A_L2_ALT_LR_RED_OST_NRT_F/S6A_P4_2__LR_RED__NR_025_217_20210722T024724_20210722T044301_F02.nc,https://archive.podaac.earthdata.nasa.gov/podaac-ops-cumulus-protected/JASON_CS_S6A_L2_ALT_LR_RED_OST_NRT_F/S6A_P4_2__LR_RED__NR_025_217_20210722T024724_20210722T044301_F02.bufr.bin",,,UNSPECIFIED,5.47756290435791
S6A_P4_2__LR_RED__NR_025_219_20210722T044301_20210722T063841_F02,,2021-07-22T04:43:01.519Z,2021-07-22T06:38:41.482Z,"https://archive.podaac.earthdata.nasa.gov/podaac-ops-cumulus-protected/JASON_CS_S6A_L2_ALT_LR_RED_OST_NRT_F/S6A_P4_2__LR_RED__NR_025_219_20210722T044301_20210722T063841_F02.nc,https://archive.podaac.earthdata.nasa.gov/podaac-ops-cumulus-protected/JASON_CS_S6A_L2_ALT_LR_RED_OST_NRT_F/S6A_P4_2__LR_RED__NR_025_219_20210722T044301_20210722T063841_F02.bufr.bin",,,UNSPECIFIED,0.3111543655395508
S6A_P4_2__LR_RED__NR_025_221_20210722T063841_20210722T081646_F02,,2021-07-22T06:38:41.532Z,2021-07-22T08:16:46.453Z,"https://archive.podaac.earthdata.nasa.gov/podaac-ops-cumulus-protected/JASON_CS_S6A_L2_ALT_LR_RED_OST_NRT_F/S6A_P4_2__LR_RED__NR_025_221_20210722T063841_20210722T081646_F02.nc,https://archive.podaac.earthdata.nasa.gov/podaac-ops-cumulus-protected/JASON_CS_S6A_L2_ALT_LR_RED_OST_NRT_F/S6A_P4_2__LR_RED__NR_025_221_20210722T063841_20210722T081646_F02.bufr.bin",,,UNSPECIFIED,0.31030941009521484
S6A_P4_2__LR_RED__NR_025_223_20210722T081646_20210722T101025_F02,,2021-07-22T08:16:46.503Z,2021-07-22T10:10:25.471Z,"https://archive.podaac.earthdata.nasa.gov/podaac-ops-cumulus-protected/JASON_CS_S6A_L2_ALT_LR_RED_OST_NRT_F/S6A_P4_2__LR_RED__NR_025_223_20210722T081646_20210722T101025_F02.nc,https://archive.podaac.earthdata.nasa.gov/podaac-ops-cumulus-protected/JASON_CS_S6A_L2_ALT_LR_RED_OST_NRT_F/S6A_P4_2__LR_RED__NR_025_223_20210722T081646_20210722T101025_F02.bufr.bin",,,UNSPECIFIED,0.3153810501098633
S6A_P4_2__LR_RED__NR_025_225_20210722T101025_20210722T120619_F02,,2021-07-22T10:10:25.522Z,2021-07-22T12:06:19.484Z,"https://archive.podaac.earthdata.nasa.gov/podaac-ops-cumulus-protected/JASON_CS_S6A_L2_ALT_LR_RED_OST_NRT_F/S6A_P4_2__LR_RED__NR_025_225_20210722T101025_20210722T120619_F02.nc,https://archive.podaac.earthdata.nasa.gov/podaac-ops-cumulus-protected/JASON_CS_S6A_L2_ALT_LR_RED_OST_NRT_F/S6A_P4_2__LR_RED__NR_025_225_20210722T101025_20210722T120619_F02.bufr.bin",,,UNSPECIFIED,5.4957122802734375
S6A_P4_2__LR_RED__NR_025_227_20210722T120619_20210722T140235_F02,,2021-07-22T12:06:19.534Z,2021-07-22T14:02:35.491Z,"https://archive.podaac.earthdata.nasa.gov/podaac-ops-cumulus-protected/JASON_CS_S6A_L2_ALT_LR_RED_OST_NRT_F/S6A_P4_2__LR_RED__NR_025_227_20210722T120619_20210722T140235_F02.nc,https://archive.podaac.earthdata.nasa.gov/podaac-ops-cumulus-protected/JASON_CS_S6A_L2_ALT_LR_RED_OST_NRT_F/S6A_P4_2__LR_RED__NR_025_227_20210722T120619_20210722T140235_F02.bufr.bin",,,UNSPECIFIED,2.713017463684082
S6A_P4_2__LR_RED__NR_025_229_20210722T140235_20210722T155831_F02,,2021-07-22T14:02:35.542Z,2021-07-22T15:58:31.465Z,"https://archive.podaac.earthdata.nasa.gov/podaac-ops-cumulus-protected/JASON_CS_S6A_L2_ALT_LR_RED_OST_NRT_F/S6A_P4_2__LR_RED__NR_025_229_20210722T140235_20210722T155831_F02.nc,https://archive.podaac.earthdata.nasa.gov/podaac-ops-cumulus-protected/JASON_CS_S6A_L2_ALT_LR_RED_OST_NRT_F/S6A_P4_2__LR_RED__NR_025_229_20210722T140235_20210722T155831_F02.bufr.bin",,,UNSPECIFIED,5.437173843383789
S6A_P4_2__LR_RED__NR_025_231_20210722T155831_20210722T175423_F02,,2021-07-22T15:58:31.515Z,2021-07-22T17:54:23.466Z,"https://archive.podaac.earthdata.nasa.gov/podaac-ops-cumulus-protected/JASON_CS_S6A_L2_ALT_LR_RED_OST_NRT_F/S6A_P4_2__LR_RED__NR_025_231_20210722T155831_20210722T175423_F02.nc,https://archive.podaac.earthdata.nasa.gov/podaac-ops-cumulus-protected/JASON_CS_S6A_L2_ALT_LR_RED_OST_NRT_F/S6A_P4_2__LR_RED__NR_025_231_20210722T155831_20210722T175423_F02.bufr.bin",,,UNSPECIFIED,5.419722557067871
S6A_P4_2__LR_RED__NR_025_234_20210722T175423_20210722T193222_F02,,2021-07-22T17:54:23.516Z,2021-07-22T19:32:22.473Z,"https://archive.podaac.earthdata.nasa.gov/podaac-ops-cumulus-protected/JASON_CS_S6A_L2_ALT_LR_RED_OST_NRT_F/S6A_P4_2__LR_RED__NR_025_234_20210722T175423_20210722T193222_F02.nc,https://archive.podaac.earthdata.nasa.gov/podaac-ops-cumulus-protected/JASON_CS_S6A_L2_ALT_LR_RED_OST_NRT_F/S6A_P4_2__LR_RED__NR_025_234_20210722T175423_20210722T193222_F02.bufr.bin",,,UNSPECIFIED,4.5919189453125
S6A_P4_2__LR_RED__NR_025_235_20210722T193222_20210722T212406_F02,,2021-07-22T19:32:22.524Z,2021-07-22T21:24:06.495Z,"https://archive.podaac.earthdata.nasa.gov/podaac-ops-cumulus-protected/JASON_CS_S6A_L2_ALT_LR_RED_OST_NRT_F/S6A_P4_2__LR_RED__NR_025_235_20210722T193222_20210722T212406_F02.nc,https://archive.podaac.earthdata.nasa.gov/podaac-ops-cumulus-protected/JASON_CS_S6A_L2_ALT_LR_RED_OST_NRT_F/S6A_P4_2__LR_RED__NR_025_235_20210722T193222_20210722T212406_F02.bufr.bin",,,UNSPECIFIED,2.576176643371582
S6A_P4_2__LR_RED__NR_025_237_20210722T212406_20210722T231828_F02,,2021-07-22T21:24:06.545Z,2021-07-22T23:18:28.464Z,"https://archive.podaac.earthdata.nasa.gov/podaac-ops-cumulus-protected/JASON_CS_S6A_L2_ALT_LR_RED_OST_NRT_F/S6A_P4_2__LR_RED__NR_025_237_20210722T212406_20210722T231828_F02.nc,https://archive.podaac.earthdata.nasa.gov/podaac-ops-cumulus-protected/JASON_CS_S6A_L2_ALT_LR_RED_OST_NRT_F/S6A_P4_2__LR_RED__NR_025_237_20210722T212406_20210722T231828_F02.bufr.bin",,,UNSPECIFIED,5.449484825134277
S6A_P4_2__LR_RED__NR_025_239_20210722T231828_20210723T011405_F02,,2021-07-22T23:18:28.514Z,2021-07-23T01:14:05.487Z,"https://archive.podaac.earthdata.nasa.gov/podaac-ops-cumulus-protected/JASON_CS_S6A_L2_ALT_LR_RED_OST_NRT_F/S6A_P4_2__LR_RED__NR_025_239_20210722T231828_20210723T011405_F02.nc,https://archive.podaac.earthdata.nasa.gov/podaac-ops-cumulus-protected/JASON_CS_S6A_L2_ALT_LR_RED_OST_NRT_F/S6A_P4_2__LR_RED__NR_025_239_20210722T231828_20210723T011405_F02.bufr.bin",,,UNSPECIFIED,0.3091611862182617
S6A_P4_2__LR_RED__NR_025_241_20210723T011405_20210723T030955_F02,,2021-07-23T01:14:05.537Z,2021-07-23T03:09:55.477Z,"https://archive.podaac.earthdata.nasa.gov/podaac-ops-cumulus-protected/JASON_CS_S6A_L2_ALT_LR_RED_OST_NRT_F/S6A_P4_2__LR_RED__NR_025_241_20210723T011405_20210723T030955_F02.nc,https://archive.podaac.earthdata.nasa.gov/podaac-ops-cumulus-protected/JASON_CS_S6A_L2_ALT_LR_RED_OST_NRT_F/S6A_P4_2__LR_RED__NR_025_241_20210723T011405_20210723T030955_F02.bufr.bin",,,UNSPECIFIED,0.31112003326416016
S6A_P4_2__LR_RED__NR_025_243_20210723T030955_20210723T050533_F02,,2021-07-23T03:09:55.527Z,2021-07-23T05:05:33.493Z,"https://archive.podaac.earthdata.nasa.gov/podaac-ops-cumulus-protected/JASON_CS_S6A_L2_ALT_LR_RED_OST_NRT_F/S6A_P4_2__LR_RED__NR_025_243_20210723T030955_20210723T050533_F02.nc,https://archive.podaac.earthdata.nasa.gov/podaac-ops-cumulus-protected/JASON_CS_S6A_L2_ALT_LR_RED_OST_NRT_F/S6A_P4_2__LR_RED__NR_025_243_20210723T030955_20210723T050533_F02.bufr.bin",,,UNSPECIFIED,2.6997575759887695
S6A_P4_2__LR_RED__NR_025_245_20210723T050533_20210723T064603_F02,,2021-07-23T05:05:33.543Z,2021-07-23T06:46:03.471Z,"https://archive.podaac.earthdata.nasa.gov/podaac-ops-cumulus-protected/JASON_CS_S6A_L2_ALT_LR_RED_OST_NRT_F/S6A_P4_2__LR_RED__NR_025_245_20210723T050533_20210723T064603_F02.nc,https://archive.podaac.earthdata.nasa.gov/podaac-ops-cumulus-protected/JASON_CS_S6A_L2_ALT_LR_RED_OST_NRT_F/S6A_P4_2__LR_RED__NR_025_245_20210723T050533_20210723T064603_F02.bufr.bin",,,UNSPECIFIED,0.30931758880615234
S6A_P4_2__LR_RED__NR_025_247_20210723T064603_20210723T083817_F02,,2021-07-23T06:46:03.521Z,2021-07-23T08:38:17.483Z,"https://archive.podaac.earthdata.nasa.gov/podaac-ops-cumulus-protected/JASON_CS_S6A_L2_ALT_LR_RED_OST_NRT_F/S6A_P4_2__LR_RED__NR_025_247_20210723T064603_20210723T083817_F02.nc,https://archive.podaac.earthdata.nasa.gov/podaac-ops-cumulus-protected/JASON_CS_S6A_L2_ALT_LR_RED_OST_NRT_F/S6A_P4_2__LR_RED__NR_025_247_20210723T064603_20210723T083817_F02.bufr.bin",,,UNSPECIFIED,0.3096904754638672
S6A_P4_2__LR_RED__NR_025_249_20210723T083817_20210723T103256_F02,,2021-07-23T08:38:17.533Z,2021-07-23T10:32:56.490Z,"https://archive.podaac.earthdata.nasa.gov/podaac-ops-cumulus-protected/JASON_CS_S6A_L2_ALT_LR_RED_OST_NRT_F/S6A_P4_2__LR_RED__NR_025_249_20210723T083817_20210723T103256_F02.nc,https://archive.podaac.earthdata.nasa.gov/podaac-ops-cumulus-protected/JASON_CS_S6A_L2_ALT_LR_RED_OST_NRT_F/S6A_P4_2__LR_RED__NR_025_249_20210723T083817_20210723T103256_F02.bufr.bin",,,UNSPECIFIED,0.3114604949951172
S6A_P4_2__LR_RED__NR_025_251_20210723T103256_20210723T122904_F02,,2021-07-23T10:32:56.540Z,2021-07-23T12:29:04.459Z,"https://archive.podaac.earthdata.nasa.gov/podaac-ops-cumulus-protected/JASON_CS_S6A_L2_ALT_LR_RED_OST_NRT_F/S6A_P4_2__LR_RED__NR_025_251_20210723T103256_20210723T122904_F02.nc,https://archive.podaac.earthdata.nasa.gov/podaac-ops-cumulus-protected/JASON_CS_S6A_L2_ALT_LR_RED_OST_NRT_F/S6A_P4_2__LR_RED__NR_025_251_20210723T103256_20210723T122904_F02.bufr.bin",,,UNSPECIFIED,0.31083011627197266
S6A_P4_2__LR_RED__NR_025_253_20210723T122904_20210723T142514_F02,,2021-07-23T12:29:04.509Z,2021-07-23T14:25:14.452Z,"https://archive.podaac.earthdata.nasa.gov/podaac-ops-cumulus-protected/JASON_CS_S6A_L2_ALT_LR_RED_OST_NRT_F/S6A_P4_2__LR_RED__NR_025_253_20210723T122904_20210723T142514_F02.nc,https://archive.podaac.earthdata.nasa.gov/podaac-ops-cumulus-protected/JASON_CS_S6A_L2_ALT_LR_RED_OST_NRT_F/S6A_P4_2__LR_RED__NR_025_253_20210723T122904_20210723T142514_F02.bufr.bin",,,UNSPECIFIED,5.461745262145996
